{
    "rmse": 0.7712229449117505,
    "mae": 0.6292039989820681,
    "r2": 0.14020479092428473
}