{
    "rmse": 0.7172785294457642,
    "mae": 0.5701170199452443,
    "r2": 0.2679186243052498
}