{
    "rmse": 0.7446370240584118,
    "mae": 0.6079679365074839,
    "r2": 0.043992590347296856
}