{
    "rmse": 0.708311642662222,
    "mae": 0.5634838539223928,
    "r2": 0.21294171739725232
}