{
    "rmse": 0.793239079164366,
    "mae": 0.6429205268033589,
    "r2": 0.02474530059609048
}